"Authors","Author full names","Author(s) ID","Title","Year","Link"
"Moon J.-H.; Lee S.-T.; Lee Y.-K.","Moon, Joon-Ho (59948987400); Lee, Soon-Tae (59948827300); Lee, Yong-Ki (55716182100)","59948987400; 59948827300; 55716182100","Impacts of general agents' customer relationship-building behaviors on trust, satisfaction, and renewal intention: A PLS-SEM and NCA approach","2025","https://www.scopus.com/pages/publications/105008279820?origin=resultslist"
"Huang Y.; Li K.; Li P.","Huang, Yangjie (57218396928); Li, Kexin (57802410000); Li, Ping (57718655000)","57218396928; 57802410000; 57718655000","Innovation ecosystems and national talent competitiveness: A country-based comparison using fsQCA","2023","https://www.scopus.com/pages/publications/85163885297?origin=resultslist"
"Shao Z.; Ho J.S.Y.; Phau I.","Shao, Zhucheng (58767869300); Ho, Jessica Sze Yin (57345934400); Phau, Ian (8508239600)","58767869300; 57345934400; 8508239600","Unpacking Consumer Resistance Toward Virtual Streamers: Asymmetric Effects of Innovation Barriers in Live Streaming Commerce","2026","https://www.scopus.com/pages/publications/105029087491?origin=resultslist"
"Chen K.","Chen, Ke (57218207809)","57218207809","Body, Mind, or Heart? Investigating the Sufficient and Necessary Factors for Robot Acceptance Among Middle-Aged and Older Chinese Adults","2025","https://www.scopus.com/pages/publications/105018685698?origin=resultslist"
"Sun Y.; Wu Y.","Sun, Yonggang (60367030900); Wu, Yinfang (60366601300)","60367030900; 60366601300","The efficacy of artificial intelligence - powered scaffolding in individual acquisition efficiency of EFL in tertiary educational context","2026","https://www.scopus.com/pages/publications/105029134728?origin=resultslist"
"Yuan X.","Yuan, Xianghua (58692718900)","58692718900","Integrating Fintech, CSR, and green finance: impacts on financial and environmental performance in China","2025","https://www.scopus.com/pages/publications/105010629338?origin=resultslist"
"Zhang X.-X.; Hao X.-L.","Zhang, Xi-xi (57212881635); Hao, Xing-lin (57423411800)","57212881635; 57423411800","Linkage mechanism of antecedents for employees' continuous adoption of artificial intelligence virtual assistants","2025","https://www.scopus.com/pages/publications/105012624627?origin=resultslist"
"Tynan M.C.; Credé M.; Harms P.D.","Tynan, Michael C. (57189685492); Credé, Marcus (8342614900); Harms, Peter D. (56059742200)","57189685492; 8342614900; 56059742200","Are individual characteristics and behaviors necessary-but-not-sufficient conditions for academic success?: A demonstration of Dul's (2016) necessary condition analysis","2020","https://www.scopus.com/pages/publications/85076830945?origin=resultslist"
"Mühlbacher H.","Mühlbacher, Hans (6506592308)","6506592308","Komplexe probleme – Einfache lösungen? Plädoyer für qualitative vergleichende analysen in der marketingforschung complex problems – Unique solutions? Need for qualitative comparative analyses in marketing research","2018","https://www.scopus.com/pages/publications/85056988138?origin=resultslist"
"Urban M.; Urban K.","Urban, Marek (57203065076); Urban, Kamila (57200183120)","57203065076; 57200183120","Do We Need Metacognition for Creativity? A Necessary Condition Analysis of Creative Metacognition","2023","https://www.scopus.com/pages/publications/85183426699?origin=resultslist"
"Acquah I.S.K.; Naude M.J.; Oguji N.","Acquah, Innocent Senyo Kwasi (57209205986); Naude, Micheline Juliana (55998322300); Oguji, Nnamdi (57188832598)","57209205986; 55998322300; 57188832598","Harnessing the dimensions of supply chain collaboration to promote innovation and flexibility in buyer-supplier relationships: Insights from fsQCA and NCA","2025","https://www.scopus.com/pages/publications/105017116951?origin=resultslist"
"Ding H.; Kuvaas B.","Ding, Haien (57892716400); Kuvaas, Bård (55901416400)","57892716400; 55901416400","Exploring the necessary roles of basic psychological needs at work: A necessary condition analysis","2025","https://www.scopus.com/pages/publications/85216983966?origin=resultslist"
"Chen C.-F.; Lu H.-H.; Tsai W.-L.","Chen, Ching-Fu (14832325400); Lu, Hsiao-Han (57559549300); Tsai, Wei-Lun (59457849400)","14832325400; 57559549300; 59457849400","Investigating the unobserved heterogeneity in passenger satisfaction with Mobility-as-a-Service (MaaS) bundles","2025","https://www.scopus.com/pages/publications/85211014783?origin=resultslist"
"Chang T.; Wu Y.; Deng X.; Wang X.; Yan Y.","Chang, Tengyuan (57200069164); Wu, Yi (59185386500); Deng, Xiaopeng (23388169700); Wang, Xianru (59185536900); Yan, Yangzhi (59184625400)","57200069164; 59185386500; 23388169700; 59185536900; 59184625400","The impact of environmental stimuli on the psychological and behavioral compliance of international construction employees","2024","https://www.scopus.com/pages/publications/85196746980?origin=resultslist"
"Arpaci I.; Al-Sharafi M.A.; Mahmoud M.A.","Arpaci, Ibrahim (35728204400); Al-Sharafi, Mohammed A. (57196477711); Mahmoud, Moamin A. (55247787300)","35728204400; 57196477711; 55247787300","Modeling behavioral intentions for sustainable adoption of autonomous vehicles: Theory, measurement, and predictive insights","2026","https://www.scopus.com/pages/publications/105016789350?origin=resultslist"
"Bajaba S.; Basaad S.","Bajaba, Saleh (57199650445); Basaad, Saad (58482478100)","57199650445; 58482478100","Safeguarding Well-Being Under Exploitative Leaders: The Buffering Effects of Follower Strategies on Perceived Injustice","2025","https://www.scopus.com/pages/publications/105023232429?origin=resultslist"
"Sychev O.A.; Belousov K.I.","Sychev, O.A. (59181280400); Belousov, K.I. (56331104300)","59181280400; 56331104300","Association of the individualizing and binding moral foundations with conceptions of Motherland in Russia","2021","https://www.scopus.com/pages/publications/85117084637?origin=resultslist"
"Lingling L.; Ye L.","Lingling, Liang (58110712500); Ye, Li (57192529795)","58110712500; 57192529795","The impact of digital empowerment on open innovation performance of enterprises from the perspective of SOR","2023","https://www.scopus.com/pages/publications/85148527170?origin=resultslist"
"Jada U.R.; Mukhopadhyay S.","Jada, Umamaheswara Rao (57202686236); Mukhopadhyay, Susmita (59841821600)","57202686236; 59841821600","Understanding the effects of empowering, transformational and ethical leadership on promotive and prohibitive voice: A moderated mediated examination","2019","https://www.scopus.com/pages/publications/85063026772?origin=resultslist"
"Roy S.K.; Musfika M.U.H.","Roy, Sanjoy Kumar (57225865728); Musfika, Mst. Ummey Habiba (59136286500)","57225865728; 59136286500","Moderated Mediating Effect on Undergraduates’ Mobile Social Media Addiction: A Three-Stage Analytical Approach","2025","https://www.scopus.com/pages/publications/85193753222?origin=resultslist"
"Hu C.; Hu X.; Tang B.","Hu, Changwei (59240660000); Hu, Xingbao (59240334400); Tang, Binglin (60543859900)","59240660000; 59240334400; 60543859900","How exhibition environmental sustainability shapes visitor satisfaction and post-experience behaviors: a combination of PLS-SEM and NCA approaches","2026","https://www.scopus.com/pages/publications/105034298021?origin=resultslist"
"Pinho J.C.; Fontes A.; Santos G.G.","Pinho, José Carlos (13411016100); Fontes, Alexandra (8840649200); Santos, Gina Gaio (24773865600)","13411016100; 8840649200; 24773865600","Balancing the double-edged sword of artificial Intelligence: Job demands, resources, and Work–Life balance","2026","https://www.scopus.com/pages/publications/105027944203?origin=resultslist"
"He L.; Ismail K.","He, Liying (57204514384); Ismail, Kamisah (54401333300)","57204514384; 54401333300","Do staff capacity and performance-based budgeting improve organisational performance? Empirical evidence from Chinese public universities","2023","https://www.scopus.com/pages/publications/85146669608?origin=resultslist"
"Liao C.-P.; Wu C.-C.; Chen C.-C.","Liao, Chien-Po (57994858300); Wu, Chi-Cheng (56132549400); Chen, Chi-Chung (59501092500)","57994858300; 56132549400; 59501092500","Necessary Conditions in Social Media Addiction: Identifying Key Antecedents","2025","https://www.scopus.com/pages/publications/85214113562?origin=resultslist"
"Karwowski M.; Kaufman J.C.; Lebuda I.; Szumski G.; Firkowska-Mankiewicz A.","Karwowski, Maciej (57204340112); Kaufman, James C. (7403022406); Lebuda, Izabela (15923118100); Szumski, Grzegorz (36150339500); Firkowska-Mankiewicz, Anna (6507223904)","57204340112; 7403022406; 15923118100; 36150339500; 6507223904","Intelligence in childhood and creative achievements in middle-age: The necessary condition approach","2017","https://www.scopus.com/pages/publications/85021956304?origin=resultslist"
"Xu A.; Siddik A.B.; Sobhani F.A.; Rahman M.M.","Xu, Anfeng (36070285100); Siddik, Abu Bakkar (6507630070); Sobhani, Farid Ahammad (26657748500); Rahman, Md. Mominur (57220839098)","36070285100; 6507630070; 26657748500; 57220839098","Driving economic success: Fintech, tourism, FDI, and digitalization in the top 10 tourist destinations","2024","https://www.scopus.com/pages/publications/85209126825?origin=resultslist"
"Dul J.; Karwowski M.; Kaufman J.C.","Dul, Jan (7004370666); Karwowski, Maciej (57204340112); Kaufman, James C. (7403022406)","7004370666; 57204340112; 7403022406","Necessary Condition Analysis in creativity research","2020","https://www.scopus.com/pages/publications/85124204631?origin=resultslist"
"Colpizzi I.; Pössel P.; Marchetti I.","Colpizzi, Ilaria (57219313189); Pössel, Patrick (6602237255); Marchetti, Igor (35932225800)","57219313189; 6602237255; 35932225800","Unveiling the Necessary Conditions for Depressive Symptoms in Adolescent Girls and Boys: A Necessary Condition Analysis Study","2025","https://www.scopus.com/pages/publications/105010644635?origin=resultslist"
"Mohammed A.; Al-Swidi A.K.; Ferraris A.; Jabeen F.","Mohammed, Abdulalem (56147183200); Al-Swidi, Abdullah Kaid (36660614100); Ferraris, Alberto (56168763600); Jabeen, Fauzia (56278846200)","56147183200; 36660614100; 56168763600; 56278846200","Mobile Payments in Health Crisis: A Comprehensive Approach to Analyzing Consumer Behavior in Emerging Markets","2025","https://www.scopus.com/pages/publications/105003140398?origin=resultslist"
"Ren Z.; Liu Q.","Ren, Zongqiang (56023697100); Liu, Qinghan (59546402400)","56023697100; 59546402400","How Digital Transformation Drives the Value Enhancement of SMTEs from the Perspective of Technology, Business and Social Interaction","2025","https://www.scopus.com/pages/publications/85217161279?origin=resultslist"
"Song M.; Farivar F.; Ugrin J.C.; Wu J.; Wang F.; Liu L.","Song, Mengmeng (57218340733); Farivar, Farveh (57215382182); Ugrin, Joseph C. (21834651800); Wu, Jinnan (56013043700); Wang, Fang (57213679842); Liu, Lin (55715596400)","57218340733; 57215382182; 21834651800; 56013043700; 57213679842; 55715596400","Exploring the Complex Relationships Between Factors That Affect Employee Cyberloafing Using a Novel Approach: Findings from Fuzzy-Set Qualitative Comparative Analysis","2023","https://www.scopus.com/pages/publications/85174268829?origin=resultslist"
"Zhang K.; Zhou J.","Zhang, Kai (58864314000); Zhou, Jinhua (59350429500)","58864314000; 59350429500","Identifying precondition configurations of mathematics anxiety among middle school students in China: using NCA and QCA approaches","2024","https://www.scopus.com/pages/publications/85205371113?origin=resultslist"
"Dul J.","Dul, Jan (58556385900)","58556385900","Editorial: Identifying the Perfect Predictor of Absence of Disease: A Shift Toward Necessary Condition Analysis in Evidence-Based Medicine?","2025","https://www.scopus.com/pages/publications/85215586139?origin=resultslist"
"Novales A.; Mocker M.; van Heck E.; Dul J.","Novales, Ainara (57191162558); Mocker, Martin (26424764800); van Heck, Eric (55903215400); Dul, Jan (7004370666)","57191162558; 26424764800; 55903215400; 7004370666","Realizing desired effects from digitized product affordances: A case study of key inhibiting factors","2025","https://www.scopus.com/pages/publications/85211056088?origin=resultslist"
"Olafsen A.H.; Marescaux B.P.C.","Olafsen, Anja H. (55949138200); Marescaux, Baptiste P. C. (59308906400)","55949138200; 59308906400","Correction to: The bare necessities: a necessary condition analysis of the dual role of basic psychological need satisfaction and frustration on wellbeing at work (Motivation and Emotion, (2025), 10.1007/s11031-025-10113-5)","2026","https://www.scopus.com/pages/publications/105034766630?origin=resultslist"
"Rehman S.","Rehman, Sheena (58408211600)","58408211600","Unveiling the key determinants of cleantech venture capital investment in India: A study using necessary condition and fuzzy set qualitative comparative analysis","2026","https://www.scopus.com/pages/publications/105029644502?origin=resultslist"
"Garg N.; Mahipalan M.; Poulose S.; Burgess J.","Garg, Naval (57193195164); Mahipalan, Manju (57203546423); Poulose, Shobitha (57191347062); Burgess, John (7201650676)","57193195164; 57203546423; 57191347062; 7201650676","Does Gratitude Ensure Workplace Happiness Among University Teachers? Examining the Role of Social and Psychological Capital and Spiritual Climate","2022","https://www.scopus.com/pages/publications/85129592483?origin=resultslist"
"Dul J.; van der Laan E.; Kuik R.; Karwowski M.","Dul, Jan (7004370666); van der Laan, Erwin (6701566007); Kuik, Roelof (6602695707); Karwowski, Maciej (57204340112)","7004370666; 6701566007; 6602695707; 57204340112","Necessary Condition Analysis: Type I Error, Power, and Over-Interpretation of Test Results. A Reply to a Comment on NCA. Commentary: Predicting the Significance of Necessity","2019","https://www.scopus.com/pages/publications/85072731692?origin=resultslist"
"Hassan M.S.; Mai N.H.; Wahab N.S.A.; Amin M.B.; Hassan M.M.; Oláh J.","Hassan, Md Sharif (57220960500); Mai, Nguyen Hong (57657233200); Wahab, Nor Shaipah Abdul (55175710300); Amin, Mohammad Bin (58642963600); Hassan, Md Maruf (57193695192); Oláh, Judit (56016286600)","57220960500; 57657233200; 55175710300; 58642963600; 57193695192; 56016286600","Decentralized fintech platforms adoption intention in cyber risk environment among GenZ: A dual-method approach using PLS-SEM and necessary condition analysis","2025","https://www.scopus.com/pages/publications/105004817522?origin=resultslist"
"Li C.; Larivière B.","Li, Changxu (58630562800); Larivière, Bart (6506968858)","58630562800; 6506968858","The more extroverted the better? Unraveling the complex relationship between service robots' personality and the service robot experience","2023","https://www.scopus.com/pages/publications/85173113220?origin=resultslist"
"Olya H.; Taheri B.; Farmaki A.; Joseph Gannon M.","Olya, Hossein (57193663496); Taheri, Babak (54396156300); Farmaki, Anna (55223936100); Joseph Gannon, Martin (57194431885)","57193663496; 54396156300; 55223936100; 57194431885","Modelling perceived service quality and turnover intentions in gender-segregated environments","2022","https://www.scopus.com/pages/publications/85101630449?origin=resultslist"
"Tajudin; Triatmanto B.; Arifin S.","Tajudin (60337313600); Triatmanto, Boge (57201850952); Arifin, Syaiful (58849924900)","60337313600; 57201850952; 58849924900","Ethical leadership and organizational commitment: The roles of ethical culture and trust through PLS-SEM, NCA, and fuzzy TOPSIS","2026","https://www.scopus.com/pages/publications/105027769113?origin=resultslist"
"Oliveira E.; Van der Heijden B.I.J.M.; Finsel J.S.; Axelrad H.; Derous E.; Gu X.; Marzec I.; Mykletun R.J.; Vignoli M.; Pajic S.; Wöhrmann A.M.; Deller J.","Oliveira, Eduardo (57194545637); Van der Heijden, Beatrice Isabella Johanna Maria (13406606600); Finsel, Julia Sabrina (57219343324); Axelrad, Hila (55949265300); Derous, Eva (17433889900); Gu, Xiuzhu (35766410300); Marzec, Izabela (24464153400); Mykletun, Reidar Johan (6603174417); Vignoli, Michela (55767574400); Pajic, Sofija (57197780660); Wöhrmann, Anne Marit (55918330800); Deller, Jürgen (16030269500)","57194545637; 13406606600; 57219343324; 55949265300; 17433889900; 35766410300; 24464153400; 6603174417; 55767574400; 57197780660; 55918330800; 16030269500","Necessary HRM Practices for Extended Working Lives in Tight and Loose Societies: A Comparative Perspective","2026","https://www.scopus.com/pages/publications/105022635372?origin=resultslist"
"Cangialosi N.; Odoardi C.","Cangialosi, Nicola (57207795683); Odoardi, Carlo (55562150100)","57207795683; 55562150100","Team Personality Composition: A fsQCA and NCA Approach to Team Innovation","2025","https://www.scopus.com/pages/publications/85216085537?origin=resultslist"
"Huang Y.; Zhang J.; Xu Y.; Yuan Y.; Zhang M.; Huang L.","Huang, Yangjie (57218396928); Zhang, Jiali (58812460900); Xu, Ying (58812321700); Yuan, Yue (59562523700); Zhang, Mengting (57338616200); Huang, Leilei (57226281783)","57218396928; 58812460900; 58812321700; 59562523700; 57338616200; 57226281783","Digital entrepreneurial ecosystem and female entrepreneurial activity","2025","https://www.scopus.com/pages/publications/85218186098?origin=resultslist"
"Sorjonen K.; Alex J.W.; Melin B.","Sorjonen, Kimmo (8215118900); Alex, Jenny Wikström (57199738724); Melin, Bo (7003396577)","8215118900; 57199738724; 7003396577","Necessity as a function of skewness","2017","https://www.scopus.com/pages/publications/85038358838?origin=resultslist"
"Olafsen A.H.; Marescaux B.P.C.","Olafsen, Anja H. (55949138200); Marescaux, Baptiste P. C. (59308906400)","55949138200; 59308906400","The bare necessities: a necessary condition analysis of the dual role of basic psychological need satisfaction and frustration on wellbeing at work","2025","https://www.scopus.com/pages/publications/86000604069?origin=resultslist"
"Sirisety M.; Nekkanti M.R.; Datti R.S.; Bikkina N.; Patrakov E.V.; Baturina L.","Sirisety, Maneela (58302585400); Nekkanti, Mohana Rupa (59393216700); Datti, Ravi Shanker (58302640900); Bikkina, Nalini (57194175253); Patrakov, Eduard V. (55948530300); Baturina, Lioudmila (57225141894)","58302585400; 59393216700; 58302640900; 57194175253; 55948530300; 57225141894","Necessary Condition Analysis on the Relationship between Fear of Missing Out, Social Networking Addiction, and Psychological Well-Being","2025","https://www.scopus.com/pages/publications/105010116574?origin=resultslist"
"Chen G.; Chen J.","Chen, Guanxi (60086882200); Chen, Jiajun (58694791500)","60086882200; 58694791500","The temperature of connection: psychological mechanisms and happiness generation in AI-enabled neighborhoods","2026","https://www.scopus.com/pages/publications/105033610788?origin=resultslist"
"Zhou S.","Zhou, Shuai (57670065100)","57670065100","The effect of COVID-19 risk perception on pro-environmental behavior of Chinese consumers: Perspectives from affective event theory","2023","https://www.scopus.com/pages/publications/85146454157?origin=resultslist"
"Liang S.; Li W.; Zhang E.; Coleman P.","Liang, Shaobo (59374164500); Li, Wenchao (59996205300); Zhang, Evangelina (59995271800); Coleman, Philip (59996205400)","59374164500; 59996205300; 59995271800; 59996205400","Social desirability and life satisfaction in Chinese students: Positive affect and self-esteem as the mediators and necessary conditions","2025","https://www.scopus.com/pages/publications/105010620682?origin=resultslist"
"Bolívar-Cruz A.; Galván-Sánchez I.; Sánchez-Medina A.J.; Verano-Tacoronte D.","Bolívar-Cruz, Alicia (55321668200); Galván-Sánchez, Inmaculada (27267654200); Sánchez-Medina, Agustín J. (25638866100); Verano-Tacoronte, Domingo (11339599500)","55321668200; 27267654200; 25638866100; 11339599500","From career-related fear to intention: A hybrid methodological approach to telework research","2024","https://www.scopus.com/pages/publications/85208669066?origin=resultslist"
"Dong M.; Fournier M.A.","Dong, Mengxi (57202147857); Fournier, Marc A. (35274868100)","57202147857; 35274868100","What are the necessary conditions for wisdom? Examining intelligence, creativity, meaning-making, and the big-five traits","2022","https://www.scopus.com/pages/publications/85127029532?origin=resultslist"
"Liu Y.; Dai Z.; Zhao X.","Liu, Yunqing (57219614737); Dai, Zekun (58772869200); Zhao, Xin (57210285679)","57219614737; 58772869200; 57210285679","Unveiling the blueprint for rural digital prosperity: A comparative examination of top 100 digital counties in China","2024","https://www.scopus.com/pages/publications/85203009857?origin=resultslist"
"Sonker K.; Tewari V.; Tiwari V.","Sonker, Kashish (60115894300); Tewari, Vijaishri (54384157500); Tiwari, Vineet (57195427709)","60115894300; 54384157500; 57195427709","From traits to triumph: Exploring the impact of job embeddedness in linking the big five personality traits to career satisfaction among IT sector employees - A combined use of cIPMA and PLS-SEM","2025","https://www.scopus.com/pages/publications/105017138941?origin=resultslist"
"Liang S.; Li Y.; Yang Y.","Liang, Shaobo (59374164500); Li, Yuhang (57811566400); Yang, Yanyu (57226078802)","59374164500; 57811566400; 57226078802","Is student engagement without classroom social climate possible? A necessary condition analysis","2025","https://www.scopus.com/pages/publications/105021020058?origin=resultslist"
"Camitan D.S., IV; Bajin L.N.","Camitan, Desiderio S. (57222651110); Bajin, Lalaine N. (57222651917)","57222651110; 57222651917","The Importance of Well-Being on Resiliency of Filipino Adults During the COVID-19 Enhanced Community Quarantine: A Necessary Condition Analysis","2021","https://www.scopus.com/pages/publications/85103676633?origin=resultslist"
"Hasselwander M.","Hasselwander, Marc (57222536478)","57222536478","Who wants to use transport super apps? Insights from combined PLS-SEM and NCA methods","2025","https://www.scopus.com/pages/publications/105003760628?origin=resultslist"
"Liu J.; Chen J.","Liu, Jinrong (60093249700); Chen, Jialiang (58766599800)","60093249700; 58766599800","Chatbot-aided product purchases among Generation Z: the role of personality traits","2025","https://www.scopus.com/pages/publications/105015365872?origin=resultslist"
"Peltokorpi V.; Sekiguchi T.","Peltokorpi, Vesa (8349132900); Sekiguchi, Tomoki (23991843400)","8349132900; 23991843400","The interaction of the five-factor personality traits and job embeddedness in explaining voluntary turnover: A necessary-condition perspective","2023","https://www.scopus.com/pages/publications/85168137531?origin=resultslist"
"Ding H.; Kuvaas B.","Ding, Haien (57892716400); Kuvaas, Bård (55901416400)","57892716400; 55901416400","Using necessary condition analysis in managerial psychology research: introduction, empirical demonstration and methodological discussion","2023","https://www.scopus.com/pages/publications/85159337499?origin=resultslist"
"Marchetti I.; Koster E.H.W.; Dul J.","Marchetti, Igor (35932225800); Koster, Ernst H.W. (7006735833); Dul, Jan (7004370666)","35932225800; 7006735833; 7004370666","Necessity causality in mental health research: Applying necessary condition analysis in clinical psychology and psychiatry","2026","https://www.scopus.com/pages/publications/105024456781?origin=resultslist"
"Mercier M.; Lubart T.","Mercier, Maxence (57221915248); Lubart, Todd (6602453537)","57221915248; 6602453537","Are Individual-Level Factors Necessary for Creativity in the Workplace? A Necessary Condition Analysis","2026","https://www.scopus.com/pages/publications/105029834680?origin=resultslist"
"Marchetti I.; Koster E.H.W.; Hankin B.L.","Marchetti, Igor (35932225800); Koster, Ernst H.W. (7006735833); Hankin, Benjamin L. (6603938682)","35932225800; 7006735833; 6603938682","Which Psychosocial Risks Are Necessary for Developing Depression During Adolescence? A Novel Approach Applying Necessary Condition Analysis","2025","https://www.scopus.com/pages/publications/85210061879?origin=resultslist"
"Zhou Y.; Kuncel N.R.; Sackett P.R.","Zhou, You (58021082600); Kuncel, Nathan R. (6507833124); Sackett, Paul R. (7005819453)","58021082600; 6507833124; 7005819453","Examining the Existence of Cognitive Thresholds in Highly Quantitative College Courses","2024","https://www.scopus.com/pages/publications/85191578100?origin=resultslist"
"Liébana-Cabanillas F.; Ghazanfar A.A.; Higueras-Castillo E.; Wagner R.","Liébana-Cabanillas, Francisco (55151541700); Ghazanfar, Ali Abbasi (57218478717); Higueras-Castillo, Elena (57201211011); Wagner, Ralf (35730493300)","55151541700; 57218478717; 57201211011; 35730493300","Press to pay: The power of biometrics in financial transactions investigated by PLS-SEM, fsQCA, and NCA","2025","https://www.scopus.com/pages/publications/105016782256?origin=resultslist"
"An M.; Lin J.; Benitez J.","An, Meng (59175593600); Lin, Jiabao (57203745019); Benitez, Jose (57203203955)","59175593600; 57203745019; 57203203955","Effects of artificial intelligence usage and knowledge-based dynamic capabilities on organizational innovation: A configurational approach","2026","https://www.scopus.com/pages/publications/105021078970?origin=resultslist"
"Gavín-Chocano Ó.; García-Martínez I.; de la Rosa A.L.","Gavín-Chocano, Óscar (57215011390); García-Martínez, Inmaculada (57202803449); de la Rosa, Antonio Luque (55781161900)","57215011390; 57202803449; 55781161900","Self-regulated learning as an inherent factor of academic self-concept in university students","2024","https://www.scopus.com/pages/publications/85201004016?origin=resultslist"
"Eccarius T.; Chen C.-F.","Eccarius, Timo (57203130966); Chen, Ching-Fu (14832325400)","57203130966; 14832325400","Examining trust as a critical factor for the adoption of electric vehicle sharing via necessary condition analysis","2024","https://www.scopus.com/pages/publications/85202347260?origin=resultslist"
"Sorjonen K.; Melin B.","Sorjonen, Kimmo (8215118900); Melin, Bo (7003396577)","8215118900; 7003396577","Predicting the significance of necessity","2019","https://www.scopus.com/pages/publications/85061570698?origin=resultslist"
"Dai B.; Zhu J.; Zhu X.","Dai, Beibei (60221689600); Zhu, Jianming (55574210251); Zhu, Xiaoling (60085031500)","60221689600; 55574210251; 60085031500","The Impact of AI-Recommended Content Affordances on Post-Purchase Intention in Stockout Substitution Scenarios","2025","https://www.scopus.com/pages/publications/105023642508?origin=resultslist"
"Xia Y.; Luo J.Q.; Wei M.X.; Wei Z.","Xia, Yu (57201996973); Luo, Jia Qi (60414354800); Wei, Ming Xia (14020821600); Wei, zhenke (58910216400)","57201996973; 60414354800; 14020821600; 58910216400","What will cause adopters to continually adopt the DCEP? an expanded analysis by PLS-SEM, NCA, and FsQCA","2026","https://www.scopus.com/pages/publications/105030971549?origin=resultslist"
"Sharma A.; Dwivedi R.; Mariani M.M.; Islam T.","Sharma, Anshuman (57222817448); Dwivedi, Rohita (57210702018); Mariani, Marcello M. (36817705700); Islam, Tahir (57195424899)","57222817448; 57210702018; 36817705700; 57195424899","Investigating the effect of advertising irritation on digital advertising effectiveness: A moderated mediation model","2022","https://www.scopus.com/pages/publications/85129696767?origin=resultslist"
"Manchiraju S.; Akbari M.; Seydavi M.","Manchiraju, Srikant (55369564600); Akbari, Mehdi (57207502301); Seydavi, Mohammad (57216990089)","55369564600; 57207502301; 57216990089","Is entrepreneurial role stress a necessary condition for burnout? A necessary condition analysis","2024","https://www.scopus.com/pages/publications/85153729813?origin=resultslist"
"Karwowski M.","Karwowski, Maciej (57204340112)","57204340112","Intelligence, Creativity, and Wisdom: The Three Musketeers of Positive Change","2023","https://www.scopus.com/pages/publications/85173357682?origin=resultslist"
"Zhao H.; Furuoka F.","Zhao, Haipeng (58994217900); Furuoka, Fumitaka (24464870400)","58994217900; 24464870400","Linking social capital to green purchasing intentions in livestreaming sessions: the moderating role of perceived visible heterogeneity","2025","https://www.scopus.com/pages/publications/105002760304?origin=resultslist"
"Yang X.; Xu S.; Jin M.; Xiao N.; Liang S.","Yang, Xianhua (30268044800); Xu, Shuyan (43262112600); Jin, Min (60328028600); Xiao, Nan (59987594600); Liang, Shaobo (59374164500)","30268044800; 43262112600; 60328028600; 59987594600; 59374164500","A Framework for Integrating Necessary Condition Analysis and Nomological Networks to Establish Construct Validity Beyond Correlation","2026","https://www.scopus.com/pages/publications/105027249838?origin=resultslist"
"Zhou S.; Wang Y.","Zhou, Shuai (57670065100); Wang, Yibo (59654016600)","57670065100; 59654016600","How negative anthropomorphic message framing and nostalgia enhance pro-environmental behaviors during the COVID-19 pandemic in China: An SEM-NCA approach","2022","https://www.scopus.com/pages/publications/85137918002?origin=resultslist"
"Mkedder N.; Bakır M.; Aldhabyani Y.; Ozata F.Z.","Mkedder, Nadjim (57438748100); Bakır, Mahmut (57218704775); Aldhabyani, Yaser (58909780700); Ozata, Fatma Zeynep (55991583000)","57438748100; 57218704775; 58909780700; 55991583000","Exploring virtual goods purchase intentions: an integrated SEM-NCA approach in online gaming","2024","https://www.scopus.com/pages/publications/85186177634?origin=resultslist"
"Woody E.; Sadler P.","Woody, Erik (7004197341); Sadler, Pamela (7103024490)","7004197341; 7103024490","Interpersonal Aspects of Hypnosis: Twisted Pears and Other Forbidden Fruit","2022","https://www.scopus.com/pages/publications/85084633208?origin=resultslist"
"Karwowski M.; Dul J.; Gralewski J.; Jauk E.; Jankowska D.M.; Gajda A.; Chruszczewski M.H.; Benedek M.","Karwowski, Maciej (57204340112); Dul, Jan (7004370666); Gralewski, Jacek (15922790300); Jauk, Emanuel (55087422900); Jankowska, Dorota M. (57086751900); Gajda, Aleksandra (56294509500); Chruszczewski, Michael H. (16241085300); Benedek, Mathias (13006425600)","57204340112; 7004370666; 15922790300; 55087422900; 57086751900; 56294509500; 16241085300; 13006425600","Is creativity without intelligence possible? A Necessary Condition Analysis","2016","https://www.scopus.com/pages/publications/84975464640?origin=resultslist"
"Duan X.; Si H.; Xia X.","Duan, Xu (57442966400); Si, Hongyun (57202583737); Xia, Xin (57781991100)","57442966400; 57202583737; 57781991100","Understanding the non-users’ acceptability of autonomous vehicle hailing services using SEM-ANN-NCA approach","2025","https://www.scopus.com/pages/publications/85217920860?origin=resultslist"
"Edelmann C.M.; Boen F.; Stouten J.; Vande Broek G.; Fransen K.","Edelmann, Charlotte M. (57220205820); Boen, Filip (56998962100); Stouten, Jeroen (13907268100); Vande Broek, Gert (56999011000); Fransen, Katrien (57220371570)","57220205820; 56998962100; 13907268100; 56999011000; 57220371570","The Power of Peer Leaders: Exploring the Link between Peer Leadership Behaviors and Sustainable Work Outcomes","2024","https://www.scopus.com/pages/publications/85183409856?origin=resultslist"
"Dechaume M.; Mercier M.; Feybesse C.; Lubart T.; Chouvelon G.; Kermarrec S.; Tordjman S.","Dechaume, Merav (59368331600); Mercier, Maxence (57221915248); Feybesse, Cyrille (57191835134); Lubart, Todd (6602453537); Chouvelon, Gaëlle (59368656400); Kermarrec, Solenn (36483100000); Tordjman, Sylvie (6603703724)","59368331600; 57221915248; 57191835134; 6602453537; 59368656400; 36483100000; 6603703724","Is intelligence necessary and sufficient for creativity? An analysis of convergent and divergent thinking","2024","https://www.scopus.com/pages/publications/85206435876?origin=resultslist"
"Marchetti I.; Colpizzi I.; De Caro E.F.; Pedretti L.M.; Iannattone S.; Di Blas L.; Bottesi G.","Marchetti, Igor (35932225800); Colpizzi, Ilaria (57219313189); De Caro, Elide Francesca (57190441765); Pedretti, Lavinia Miriam (59704170000); Iannattone, Sara (57219911895); Di Blas, Lisa (6602777119); Bottesi, Gioia (55319847200)","35932225800; 57219313189; 57190441765; 59704170000; 57219911895; 6602777119; 55319847200","Is reduced self-esteem a necessary condition for eating disorder symptoms in adolescence? Preliminary evidence from a necessary condition analysis study","2026","https://www.scopus.com/pages/publications/105028403886?origin=resultslist"
"Sorjonen K.; Melin B.; Melin M.","Sorjonen, Kimmo (8215118900); Melin, Bo (7003396577); Melin, Marika (55777082900)","8215118900; 7003396577; 55777082900","Questionable necessity effects on suicidal ideation: a commentary on Marchetti et al. (2026)","2026","https://www.scopus.com/pages/publications/105034408065?origin=resultslist"
"Lyu V.C.; Chin W.; Zhang H.; Liu V.","Lyu, Venessa Chan (57216652621); Chin, Wynne (7202546881); Zhang, Hongfeng (58608939400); Liu, Vincent (55278323400)","57216652621; 7202546881; 58608939400; 55278323400","Value added or overload? A study of the countervailing effects of non-core features on mobile banking apps","2022","https://www.scopus.com/pages/publications/85118630556?origin=resultslist"
"Garg N.","Garg, Naval (57193195164)","57193195164","Workplace Spirituality and Employee Well-being: An Empirical Exploration","2017","https://www.scopus.com/pages/publications/85019691987?origin=resultslist"
"Peng X.; Qian Y.; He Y.","Peng, Xiaojie (60030301500); Qian, Yanran (60029718200); He, Yuanyuan (60350280900)","60030301500; 60029718200; 60350280900","When AI chatbots understand emotions: exploring the mechanisms of self-disclosure from emotional arousal to psychological acceptance—a hybrid SEM–ANN–NCA analysis across multiple interaction configurations","2026","https://www.scopus.com/pages/publications/105031942844?origin=resultslist"
"Chen Y.; Chen G.; Chen J.","Chen, Yu (60511180600); Chen, Guanxi (60086882200); Chen, Jiajun (58694791500)","60511180600; 60086882200; 58694791500","Generative AI–social media coordinated learning and university students' psychological well-being: dual pathways and the buffering role of perceived support","2026","https://www.scopus.com/pages/publications/105033274947?origin=resultslist"
"Korman J.V.; Van Quaquebeke N.; Tröster C.","Korman, Jennifer V. (57222749666); Van Quaquebeke, Niels (17347246200); Tröster, Christian (36096047100)","57222749666; 17347246200; 36096047100","Managers are Less Burned-Out at the Top: the Roles of Sense of Power and Self-Efficacy at Different Hierarchy Levels","2022","https://www.scopus.com/pages/publications/85103942435?origin=resultslist"
"Shen J.; Zhang H.; Wong C.U.I.; Chen J.; Ren L.","Shen, Junxian (58524249900); Zhang, Hongfeng (58608939400); Wong, Cora Un In (37059879700); Chen, Jianhui (59529419400); Ren, Lianping (55512846900)","58524249900; 58608939400; 37059879700; 59529419400; 55512846900","Relationship between childhood socio-economic status and wellness tourism intention: a combined PLS-SEM and NCA methods","2025","https://www.scopus.com/pages/publications/105007941830?origin=resultslist"
"Rafi A.; Roy S.K.; Rehman M.A.; Hasni M.J.S.","Rafi, Arslan (57783164000); Roy, Sanjit K. (55476508400); Rehman, Mohsin Abdur (55992036000); Hasni, Muhammad Junaid Shahid (57203861277)","57783164000; 55476508400; 55992036000; 57203861277","Impact of multidimensional presence on user well-being in metaverse communities","2025","https://www.scopus.com/pages/publications/85212862905?origin=resultslist"
"Marchetti I.; Pedretti L.M.; Iannattone S.; Colpizzi I.; Farina A.; Di Blas L.; Ghisi M.; Bottesi G.","Marchetti, Igor (35932225800); Pedretti, Lavinia Miriam (59704170000); Iannattone, Sara (57219911895); Colpizzi, Ilaria (57219313189); Farina, Alessandra (58619188200); Di Blas, Lisa (6602777119); Ghisi, Marta (24070524900); Bottesi, Gioia (55319847200)","35932225800; 59704170000; 57219911895; 57219313189; 58619188200; 6602777119; 24070524900; 55319847200","Is intolerance of uncertainty a necessary condition for anxiety symptoms in adolescents? A necessary condition analysis study","2025","https://www.scopus.com/pages/publications/105001670488?origin=resultslist"
"Hernaus T.; Dragičević N.; Hauff S.","Hernaus, Tomislav (23479770300); Dragičević, Nikolina (57197854492); Hauff, Sven (35084995400)","23479770300; 57197854492; 35084995400","The necessity of job design for employee creativity and innovation: nothing happens without supervisor support","2024","https://www.scopus.com/pages/publications/85194554058?origin=resultslist"
"Ye X.; Ruan Y.; Xia S.; Gu L.","Ye, Xinjie (59502038700); Ruan, Yanwen (57191091181); Xia, Sibei (57195728746); Gu, Liwen (59501940900)","59502038700; 57191091181; 57195728746; 59501940900","Adoption of digital intangible cultural heritage: a configurational study integrating UTAUT2 and immersion theory","2025","https://www.scopus.com/pages/publications/85214274251?origin=resultslist"
"Leong L.-Y.; Hew T.-S.; Ooi K.-B.; Chau P.Y.K.","Leong, Lai-Ying (42861634700); Hew, Teck-Soon (50261919100); Ooi, Keng-Boon (14619509700); Chau, Patrick Y.K. (7102267201)","42861634700; 50261919100; 14619509700; 7102267201","“To share or not to share?” – A hybrid SEM-ANN-NCA study of the enablers and enhancers for mobile sharing economy","2024","https://www.scopus.com/pages/publications/85185194303?origin=resultslist"
"Bullemore-Campbell J.; Díaz Tautiva J.A.; Cristobal-Fransi E.","Bullemore-Campbell, Jorge (60173602100); Díaz Tautiva, Julián Andrés (57221557852); Cristobal-Fransi, Eduard (8588970900)","60173602100; 57221557852; 8588970900","AI in sales: Environmental, behavioral, and technological drivers of adoption in an emerging market","2025","https://www.scopus.com/pages/publications/105021131083?origin=resultslist"
"Mladenović D.; Monashev M.; Jirásek M.; Bruni R.","Mladenović, Dušan (57208401150); Monashev, Mikhail (58616571200); Jirásek, Michal (57194681792); Bruni, Roberto (55703108800)","57208401150; 58616571200; 57194681792; 55703108800","When online review is not enough? Adoption of cryptocurrencies through the lenses of NCA and fsQCA","2025","https://www.scopus.com/pages/publications/105012980843?origin=resultslist"
"Shan X.; Wang Y.; Luo L.","Shan, Xin (59345076900); Wang, Yuchen (60036033600); Luo, Long (60036336400)","59345076900; 60036033600; 60036336400","The effect of digital music education on non-cognitive abilities: Empirical evidence from China","2025","https://www.scopus.com/pages/publications/105015867630?origin=resultslist"
"Liu L.; Wang Y.; Xiao T.; Zhang C.","Liu, Liping (57216832407); Wang, Yu (60569061300); Xiao, Ting (60569061400); Zhang, Chunyu (57216757069)","57216832407; 60569061300; 60569061400; 57216757069","Platform gig work conditions and workers’ perceptions of decent work: a configurational and necessity perspective","2026","https://www.scopus.com/pages/publications/105035219316?origin=resultslist"
"Zhou Y.; Kumar S.; Furuoka F.","Zhou, Ying (57681131700); Kumar, Sameer (56268954900); Furuoka, Fumitaka (24464870400)","57681131700; 56268954900; 24464870400","Enhancing customer value co-creation and stickiness in social commerce: integrating PLS-SEM and NCA for deeper insights into customer-to-customer dynamics","2024","https://www.scopus.com/pages/publications/85181251235?origin=resultslist"
